/home/user/RFantibody/data/03_jobs/run_cd33_3eak_A148/jobs/job__fw3eak_HLT__tgCD33_7AW6_A_processed__T1.75__hsA148_A150_A151_.sh	
/home/user/RFantibody/data/03_jobs/run_cd33_3eak_A148/jobs/job__fw3eak_HLT__tgCD33_7AW6_A_processed__T1.75__hsA148_A150_A152_.sh	
/home/user/RFantibody/data/03_jobs/run_cd33_3eak_A148/jobs/job__fw3eak_HLT__tgCD33_7AW6_A_processed__T1.75__hsA150_A151_A152_.sh	
/home/user/RFantibody/data/03_jobs/run_cd33_3eak_A148/jobs/job__fw3eak_HLT__tgCD33_7AW6_A_processed__T1.75__hsA151_A152_A154_.sh	
/home/user/RFantibody/data/03_jobs/run_cd33_3eak_A148/jobs/job__fw3eak_HLT__tgCD33_7AW6_A_processed__T1.75__hsA152_A154_A156_.sh	
/home/user/RFantibody/data/03_jobs/run_cd33_3eak_A148/jobs/job__fw3eak_HLT__tgCD33_7AW6_A_processed__T1.75__hsA154_A156_A158_.sh	
/home/user/RFantibody/data/03_jobs/run_cd33_3eak_A148/jobs/job__fw3eak_HLT__tgCD33_7AW6_A_processed__T1.75__hsA156_A157_A158_.sh	
/home/user/RFantibody/data/03_jobs/run_cd33_3eak_A148/jobs/job__fw3eak_HLT__tgCD33_7AW6_A_processed__T1.75__hsA203_A204_A206_.sh	
/home/user/RFantibody/data/03_jobs/run_cd33_3eak_A148/jobs/job__fw3eak_HLT__tgCD33_7AW6_A_processed__T1.75__hsA218_A219_A220_.sh	
/home/user/RFantibody/data/03_jobs/run_cd33_3eak_A148/jobs/job__fw3eak_HLT__tgCD33_7AW6_A_processed__T1.75__hsA228_A230_A232_.sh	
